sku;title;variantkey;variant:Storlek;variant:Färg;priceisinclvat;moneyprice;moneypricein;vatid;defaultcategoryid;stockcountenable;stockallowbackorder;barcode;custom1;custom2;custom3;custom4;custom5;descriptionshort;description;manufacturerid
DENIM-PD4696-HW-91562;La Chemise Norrmalm XLÄ;1;38;;true;898;130;2;272;true;true;7333289091562;DENIM PD4696 HW;v21;;;;blå enf (em);denim mörk;73
DENIM-PD4696-HW-91579;La Chemise Norrmalm XLÄ;1;39;;true;898;130;2;272;true;true;7333289091579;DENIM PD4696 HW;v21;;;;blå enf (em);denim mörk;73
DENIM-PD4696-HW-91586;La Chemise Norrmalm XLÄ;1;40;;true;898;130;2;272;true;true;7333289091586;DENIM PD4696 HW;v21;;;;blå enf (em);denim mörk;73
DENIM-PD4696-HW-91593;La Chemise Norrmalm XLÄ;1;41;;true;898;130;2;272;true;true;7333289091593;DENIM PD4696 HW;v21;;;;blå enf (em);denim mörk;73
DENIM-PD4696-HW-91609;La Chemise Norrmalm XLÄ;1;42;;true;898;130;2;272;true;true;7333289091609;DENIM PD4696 HW;v21;;;;blå enf (em);denim mörk;73
DENIM-PD4696-HW-91616;La Chemise Norrmalm XLÄ;1;43;;true;898;130;2;272;true;true;7333289091616;DENIM PD4696 HW;v21;;;;blå enf (em);denim mörk;73
GARMENT-DYE-15000263-91623;La Chemise Norrmalm XLÄ;2;38;;true;898;132;2;272;true;true;7333289091623;GARMENT DYE 15000263;v21;;;;grö enf (em bd);;73
GARMENT-DYE-15000263-91630;La Chemise Norrmalm XLÄ;2;39;;true;898;132;2;272;true;true;7333289091630;GARMENT DYE 15000263;v21;;;;grö enf (em bd);;73
GARMENT-DYE-15000263-91647;La Chemise Norrmalm XLÄ;2;40;;true;898;132;2;272;true;true;7333289091647;GARMENT DYE 15000263;v21;;;;grö enf (em bd);;73
GARMENT-DYE-15000263-91654;La Chemise Norrmalm XLÄ;2;41;;true;898;132;2;272;true;true;7333289091654;GARMENT DYE 15000263;v21;;;;grö enf (em bd);;73
GARMENT-DYE-15000263-91661;La Chemise Norrmalm XLÄ;2;42;;true;898;132;2;272;true;true;7333289091661;GARMENT DYE 15000263;v21;;;;grö enf (em bd);;73
GARMENT-DYE-15000263-91678;La Chemise Norrmalm XLÄ;2;43;;true;898;132;2;272;true;true;7333289091678;GARMENT DYE 15000263;v21;;;;grö enf (em bd);;73
CAZ04041-1-1807326-91685;La Chemise Norrmalm XLÄ;3;38;;true;898;166;2;272;true;true;7333289091685;CAZ04041-1- 1807326-1-RM;v21;;;;blå enf (em);Marinblå jersey;73
CAZ04041-1-1807326-91692;La Chemise Norrmalm XLÄ;3;39;;true;898;166;2;272;true;true;7333289091692;CAZ04041-1- 1807326-1-RM;v21;;;;blå enf (em);Marinblå jersey;73
CAZ04041-1-1807326-91708;La Chemise Norrmalm XLÄ;3;40;;true;898;166;2;272;true;true;7333289091708;CAZ04041-1- 1807326-1-RM;v21;;;;blå enf (em);Marinblå jersey;73
CAZ04041-1-1807326-91715;La Chemise Norrmalm XLÄ;3;41;;true;898;166;2;272;true;true;7333289091715;CAZ04041-1- 1807326-1-RM;v21;;;;blå enf (em);Marinblå jersey;73
CAZ04041-1-1807326-91722;La Chemise Norrmalm XLÄ;3;42;;true;898;166;2;272;true;true;7333289091722;CAZ04041-1- 1807326-1-RM;v21;;;;blå enf (em);Marinblå jersey;73
CAZ04041-1-1807326-91739;La Chemise Norrmalm XLÄ;3;43;;true;898;166;2;272;true;true;7333289091739;CAZ04041-1- 1807326-1-RM;v21;;;;blå enf (em);Marinblå jersey;73
CAZ04041-1-1807326-3-91746;La Chemise Norrmalm XLÄ;4;38;;true;898;166;2;272;true;true;7333289091746;CAZ04041-1-1807326-3-RM;v21;;;;bru enf (em);Brun jersey;73
CAZ04041-1-1807326-3-91753;La Chemise Norrmalm XLÄ;4;39;;true;898;166;2;272;true;true;7333289091753;CAZ04041-1-1807326-3-RM;v21;;;;bru enf (em);Brun jersey;73
CAZ04041-1-1807326-3-91760;La Chemise Norrmalm XLÄ;4;40;;true;898;166;2;272;true;true;7333289091760;CAZ04041-1-1807326-3-RM;v21;;;;bru enf (em);Brun jersey;73
CAZ04041-1-1807326-3-91777;La Chemise Norrmalm XLÄ;4;41;;true;898;166;2;272;true;true;7333289091777;CAZ04041-1-1807326-3-RM;v21;;;;bru enf (em);Brun jersey;73
CAZ04041-1-1807326-3-91784;La Chemise Norrmalm XLÄ;4;42;;true;898;166;2;272;true;true;7333289091784;CAZ04041-1-1807326-3-RM;v21;;;;bru enf (em);Brun jersey;73
CAZ04041-1-1807326-3-91791;La Chemise Norrmalm XLÄ;4;43;;true;898;166;2;272;true;true;7333289091791;CAZ04041-1-1807326-3-RM;v21;;;;bru enf (em);Brun jersey;73
KNITS-DIAGONAL-91807;La Chemise Norrmalm XLÄ;5;38;;true;898;183;2;272;true;true;7333289091807;KNITS DIAGONAL;v21;;;;grå enf (em);Grå jersey;73
KNITS-DIAGONAL-91814;La Chemise Norrmalm XLÄ;5;39;;true;898;183;2;272;true;true;7333289091814;KNITS DIAGONAL;v21;;;;grå enf (em);Grå jersey;73
KNITS-DIAGONAL-91821;La Chemise Norrmalm XLÄ;5;40;;true;898;183;2;272;true;true;7333289091821;KNITS DIAGONAL;v21;;;;grå enf (em);Grå jersey;73
KNITS-DIAGONAL-91838;La Chemise Norrmalm XLÄ;5;41;;true;898;183;2;272;true;true;7333289091838;KNITS DIAGONAL;v21;;;;grå enf (em);Grå jersey;73
KNITS-DIAGONAL-91845;La Chemise Norrmalm XLÄ;5;42;;true;898;183;2;272;true;true;7333289091845;KNITS DIAGONAL;v21;;;;grå enf (em);Grå jersey;73
KNITS-DIAGONAL-91852;La Chemise Norrmalm XLÄ;5;43;;true;898;183;2;272;true;true;7333289091852;KNITS DIAGONAL;v21;;;;grå enf (em);Grå jersey;73
NEW-MANILA-WHITE-NI-91869;La Chemise Norrmalm XLÄ;6;38;;true;898;145;2;272;true;true;7333289091869;NEW MANILA WHITE NI SINGLE CUFF;v21;;;;vit enf (em);struktur. Non-iron;73
NEW-MANILA-WHITE-NI-91876;La Chemise Norrmalm XLÄ;6;39;;true;898;145;2;272;true;true;7333289091876;NEW MANILA WHITE NI SINGLE CUFF;v21;;;;vit enf (em);struktur. Non-iron;73
NEW-MANILA-WHITE-NI-91883;La Chemise Norrmalm XLÄ;6;40;;true;898;145;2;272;true;true;7333289091883;NEW MANILA WHITE NI SINGLE CUFF;v21;;;;vit enf (em);struktur. Non-iron;73
NEW-MANILA-WHITE-NI-91890;La Chemise Norrmalm XLÄ;6;41;;true;898;145;2;272;true;true;7333289091890;NEW MANILA WHITE NI SINGLE CUFF;v21;;;;vit enf (em);struktur. Non-iron;73
NEW-MANILA-WHITE-NI-91906;La Chemise Norrmalm XLÄ;6;42;;true;898;145;2;272;true;true;7333289091906;NEW MANILA WHITE NI SINGLE CUFF;v21;;;;vit enf (em);struktur. Non-iron;73
NEW-MANILA-WHITE-NI-91913;La Chemise Norrmalm XLÄ;6;43;;true;898;145;2;272;true;true;7333289091913;NEW MANILA WHITE NI SINGLE CUFF;v21;;;;vit enf (em);struktur. Non-iron;73
NEW-MANILA-WHITE-NI-91920;La Chemise Norrmalm XLÄ;7;38;;true;898;145;2;272;true;true;7333289091920;NEW MANILA WHITE NI DOUBLE CUFF;v21;;;;vit enf (dm);struktur. Non-iron;73
NEW-MANILA-WHITE-NI-91937;La Chemise Norrmalm XLÄ;7;39;;true;898;145;2;272;true;true;7333289091937;NEW MANILA WHITE NI DOUBLE CUFF;v21;;;;vit enf (dm);struktur. Non-iron;73
NEW-MANILA-WHITE-NI-91944;La Chemise Norrmalm XLÄ;7;40;;true;898;145;2;272;true;true;7333289091944;NEW MANILA WHITE NI DOUBLE CUFF;v21;;;;vit enf (dm);struktur. Non-iron;73
NEW-MANILA-WHITE-NI-91951;La Chemise Norrmalm XLÄ;7;41;;true;898;145;2;272;true;true;7333289091951;NEW MANILA WHITE NI DOUBLE CUFF;v21;;;;vit enf (dm);struktur. Non-iron;73
NEW-MANILA-WHITE-NI-91968;La Chemise Norrmalm XLÄ;7;42;;true;898;145;2;272;true;true;7333289091968;NEW MANILA WHITE NI DOUBLE CUFF;v21;;;;vit enf (dm);struktur. Non-iron;73
NEW-MANILA-WHITE-NI-91975;La Chemise Norrmalm XLÄ;7;43;;true;898;145;2;272;true;true;7333289091975;NEW MANILA WHITE NI DOUBLE CUFF;v21;;;;vit enf (dm);struktur. Non-iron;73
Skagway-NI-SINGLE-CU-91982;La Chemise Norrmalm XLÄ;8;38;;true;898;145;2;272;true;true;7333289091982;Skagway NI SINGLE CUFF;v21;;;;vit enf (em);Twill. Non-iron;73
Skagway-NI-SINGLE-CU-91999;La Chemise Norrmalm XLÄ;8;39;;true;898;145;2;272;true;true;7333289091999;Skagway NI SINGLE CUFF;v21;;;;vit enf (em);Twill. Non-iron;73
Skagway-NI-SINGLE-CU-92002;La Chemise Norrmalm XLÄ;8;40;;true;898;145;2;272;true;true;7333289092002;Skagway NI SINGLE CUFF;v21;;;;vit enf (em);Twill. Non-iron;73
Skagway-NI-SINGLE-CU-92019;La Chemise Norrmalm XLÄ;8;41;;true;898;145;2;272;true;true;7333289092019;Skagway NI SINGLE CUFF;v21;;;;vit enf (em);Twill. Non-iron;73
Skagway-NI-SINGLE-CU-92026;La Chemise Norrmalm XLÄ;8;42;;true;898;145;2;272;true;true;7333289092026;Skagway NI SINGLE CUFF;v21;;;;vit enf (em);Twill. Non-iron;73
Skagway-NI-SINGLE-CU-92033;La Chemise Norrmalm XLÄ;8;43;;true;898;145;2;272;true;true;7333289092033;Skagway NI SINGLE CUFF;v21;;;;vit enf (em);Twill. Non-iron;73
Skagway-NI-DOUBLE-CU-92040;La Chemise Norrmalm XLÄ;9;38;;true;898;145;2;272;true;true;7333289092040;Skagway NI DOUBLE CUFF;v21;;;;vit enf (dm);Twill. Non-iron;73
Skagway-NI-DOUBLE-CU-92057;La Chemise Norrmalm XLÄ;9;39;;true;898;145;2;272;true;true;7333289092057;Skagway NI DOUBLE CUFF;v21;;;;vit enf (dm);Twill. Non-iron;73
Skagway-NI-DOUBLE-CU-92064;La Chemise Norrmalm XLÄ;9;40;;true;898;145;2;272;true;true;7333289092064;Skagway NI DOUBLE CUFF;v21;;;;vit enf (dm);Twill. Non-iron;73
Skagway-NI-DOUBLE-CU-92071;La Chemise Norrmalm XLÄ;9;41;;true;898;145;2;272;true;true;7333289092071;Skagway NI DOUBLE CUFF;v21;;;;vit enf (dm);Twill. Non-iron;73
Skagway-NI-DOUBLE-CU-92088;La Chemise Norrmalm XLÄ;9;42;;true;898;145;2;272;true;true;7333289092088;Skagway NI DOUBLE CUFF;v21;;;;vit enf (dm);Twill. Non-iron;73
Skagway-NI-DOUBLE-CU-92095;La Chemise Norrmalm XLÄ;9;43;;true;898;145;2;272;true;true;7333289092095;Skagway NI DOUBLE CUFF;v21;;;;vit enf (dm);Twill. Non-iron;73
NEW-MANILA-BLUE-NI-92101;La Chemise Norrmalm XLÄ;10;38;;true;898;149;2;272;true;true;7333289092101;NEW MANILA BLUE NI ;v21;;;;blå enf (em);Fin struktur. Non-iron;73
NEW-MANILA-BLUE-NI-92118;La Chemise Norrmalm XLÄ;10;39;;true;898;149;2;272;true;true;7333289092118;NEW MANILA BLUE NI ;v21;;;;blå enf (em);Fin struktur. Non-iron;73
NEW-MANILA-BLUE-NI-92125;La Chemise Norrmalm XLÄ;10;40;;true;898;149;2;272;true;true;7333289092125;NEW MANILA BLUE NI ;v21;;;;blå enf (em);Fin struktur. Non-iron;73
NEW-MANILA-BLUE-NI-92132;La Chemise Norrmalm XLÄ;10;41;;true;898;149;2;272;true;true;7333289092132;NEW MANILA BLUE NI ;v21;;;;blå enf (em);Fin struktur. Non-iron;73
NEW-MANILA-BLUE-NI-92149;La Chemise Norrmalm XLÄ;10;42;;true;898;149;2;272;true;true;7333289092149;NEW MANILA BLUE NI ;v21;;;;blå enf (em);Fin struktur. Non-iron;73
NEW-MANILA-BLUE-NI-92156;La Chemise Norrmalm XLÄ;10;43;;true;898;149;2;272;true;true;7333289092156;NEW MANILA BLUE NI ;v21;;;;blå enf (em);Fin struktur. Non-iron;73
NEW-BURNEO-NI-92163;La Chemise Norrmalm XLÄ;11;38;;true;898;149;2;272;true;true;7333289092163;NEW BURNEO NI;v21;;;;vit enf (em bd);Oxford. Non-iron;73
NEW-BURNEO-NI-92170;La Chemise Norrmalm XLÄ;11;39;;true;898;149;2;272;true;true;7333289092170;NEW BURNEO NI;v21;;;;vit enf (em bd);Oxford. Non-iron;73
NEW-BURNEO-NI-92187;La Chemise Norrmalm XLÄ;11;40;;true;898;149;2;272;true;true;7333289092187;NEW BURNEO NI;v21;;;;vit enf (em bd);Oxford. Non-iron;73
NEW-BURNEO-NI-92194;La Chemise Norrmalm XLÄ;11;41;;true;898;149;2;272;true;true;7333289092194;NEW BURNEO NI;v21;;;;vit enf (em bd);Oxford. Non-iron;73
NEW-BURNEO-NI-92200;La Chemise Norrmalm XLÄ;11;42;;true;898;149;2;272;true;true;7333289092200;NEW BURNEO NI;v21;;;;vit enf (em bd);Oxford. Non-iron;73
NEW-BURNEO-NI-92217;La Chemise Norrmalm XLÄ;11;43;;true;898;149;2;272;true;true;7333289092217;NEW BURNEO NI;v21;;;;vit enf (em bd);Oxford. Non-iron;73
EDINBURG-NI-92224;La Chemise Norrmalm XLÄ;12;38;;true;898;149;2;272;true;true;7333289092224;EDINBURG NI ;v21;;;;blå enf (em);Diagonalrandig struktur. Non-iron;73
EDINBURG-NI-92231;La Chemise Norrmalm XLÄ;12;39;;true;898;149;2;272;true;true;7333289092231;EDINBURG NI ;v21;;;;blå enf (em);Diagonalrandig struktur. Non-iron;73
EDINBURG-NI-92248;La Chemise Norrmalm XLÄ;12;40;;true;898;149;2;272;true;true;7333289092248;EDINBURG NI ;v21;;;;blå enf (em);Diagonalrandig struktur. Non-iron;73
EDINBURG-NI-92255;La Chemise Norrmalm XLÄ;12;41;;true;898;149;2;272;true;true;7333289092255;EDINBURG NI ;v21;;;;blå enf (em);Diagonalrandig struktur. Non-iron;73
EDINBURG-NI-92262;La Chemise Norrmalm XLÄ;12;42;;true;898;149;2;272;true;true;7333289092262;EDINBURG NI ;v21;;;;blå enf (em);Diagonalrandig struktur. Non-iron;73
EDINBURG-NI-92279;La Chemise Norrmalm XLÄ;12;43;;true;898;149;2;272;true;true;7333289092279;EDINBURG NI ;v21;;;;blå enf (em);Diagonalrandig struktur. Non-iron;73
UJJAIN-92286;La Chemise Norrmalm XLÄ;13;38;;true;898;137;2;272;true;true;7333289092286;UJJAIN ;v21;;;;blå ran (em);;73
UJJAIN-92293;La Chemise Norrmalm XLÄ;13;39;;true;898;137;2;272;true;true;7333289092293;UJJAIN ;v21;;;;blå ran (em);;73
UJJAIN-92309;La Chemise Norrmalm XLÄ;13;40;;true;898;137;2;272;true;true;7333289092309;UJJAIN ;v21;;;;blå ran (em);;73
UJJAIN-92316;La Chemise Norrmalm XLÄ;13;41;;true;898;137;2;272;true;true;7333289092316;UJJAIN ;v21;;;;blå ran (em);;73
UJJAIN-92323;La Chemise Norrmalm XLÄ;13;42;;true;898;137;2;272;true;true;7333289092323;UJJAIN ;v21;;;;blå ran (em);;73
UJJAIN-92330;La Chemise Norrmalm XLÄ;13;43;;true;898;137;2;272;true;true;7333289092330;UJJAIN ;v21;;;;blå ran (em);;73
JONSTORP-92347;La Chemise Norrmalm XLÄ;14;38;;true;898;158;2;272;true;true;7333289092347;JONSTORP;v21;;;;blå enf (em);Twill. Litet hundtandsmönster. Non-iron;73
JONSTORP-92354;La Chemise Norrmalm XLÄ;14;39;;true;898;158;2;272;true;true;7333289092354;JONSTORP;v21;;;;blå enf (em);Twill. Litet hundtandsmönster. Non-iron;73
JONSTORP-92361;La Chemise Norrmalm XLÄ;14;40;;true;898;158;2;272;true;true;7333289092361;JONSTORP;v21;;;;blå enf (em);Twill. Litet hundtandsmönster. Non-iron;73
JONSTORP-92378;La Chemise Norrmalm XLÄ;14;41;;true;898;158;2;272;true;true;7333289092378;JONSTORP;v21;;;;blå enf (em);Twill. Litet hundtandsmönster. Non-iron;73
JONSTORP-92385;La Chemise Norrmalm XLÄ;14;42;;true;898;158;2;272;true;true;7333289092385;JONSTORP;v21;;;;blå enf (em);Twill. Litet hundtandsmönster. Non-iron;73
JONSTORP-92392;La Chemise Norrmalm XLÄ;14;43;;true;898;158;2;272;true;true;7333289092392;JONSTORP;v21;;;;blå enf (em);Twill. Litet hundtandsmönster. Non-iron;73
S542/5901-FRANKLIN-92408;La Chemise Norrmalm XLÄ;15;38;;true;898;158;2;272;true;true;7333289092408;S542/5901 - FRANKLIN LIGHT;v21;;;;blå ran (em lin);Ljusblå linne;73
S542/5901-FRANKLIN-92415;La Chemise Norrmalm XLÄ;15;39;;true;898;158;2;272;true;true;7333289092415;S542/5901 - FRANKLIN LIGHT;v21;;;;blå ran (em lin);Ljusblå linne;73
S542/5901-FRANKLIN-92422;La Chemise Norrmalm XLÄ;15;40;;true;898;158;2;272;true;true;7333289092422;S542/5901 - FRANKLIN LIGHT;v21;;;;blå ran (em lin);Ljusblå linne;73
S542/5901-FRANKLIN-92439;La Chemise Norrmalm XLÄ;15;41;;true;898;158;2;272;true;true;7333289092439;S542/5901 - FRANKLIN LIGHT;v21;;;;blå ran (em lin);Ljusblå linne;73
S542/5901-FRANKLIN-92446;La Chemise Norrmalm XLÄ;15;42;;true;898;158;2;272;true;true;7333289092446;S542/5901 - FRANKLIN LIGHT;v21;;;;blå ran (em lin);Ljusblå linne;73
S542/5901-FRANKLIN-92453;La Chemise Norrmalm XLÄ;15;43;;true;898;158;2;272;true;true;7333289092453;S542/5901 - FRANKLIN LIGHT;v21;;;;blå ran (em lin);Ljusblå linne;73
AMRITSAR-V445-7802-92460;La Chemise Norrmalm XLÄ;16;38;;true;898;158;2;272;true;true;7333289092460;AMRITSAR V445 - 7802;v21;;;;blå enf (em lin);Ljusblå linne;73
AMRITSAR-V445-7802-92477;La Chemise Norrmalm XLÄ;16;39;;true;898;158;2;272;true;true;7333289092477;AMRITSAR V445 - 7802;v21;;;;blå enf (em lin);Ljusblå linne;73
AMRITSAR-V445-7802-92484;La Chemise Norrmalm XLÄ;16;40;;true;898;158;2;272;true;true;7333289092484;AMRITSAR V445 - 7802;v21;;;;blå enf (em lin);Ljusblå linne;73
AMRITSAR-V445-7802-92491;La Chemise Norrmalm XLÄ;16;41;;true;898;158;2;272;true;true;7333289092491;AMRITSAR V445 - 7802;v21;;;;blå enf (em lin);Ljusblå linne;73
AMRITSAR-V445-7802-92507;La Chemise Norrmalm XLÄ;16;42;;true;898;158;2;272;true;true;7333289092507;AMRITSAR V445 - 7802;v21;;;;blå enf (em lin);Ljusblå linne;73
AMRITSAR-V445-7802-92514;La Chemise Norrmalm XLÄ;16;43;;true;898;158;2;272;true;true;7333289092514;AMRITSAR V445 - 7802;v21;;;;blå enf (em lin);Ljusblå linne;73
B531/0000-FRANKLIN-L-92521;La Chemise Norrmalm XLÄ;17;38;;true;898;158;2;272;true;true;7333289092521;B531/0000 FRANKLIN LIGHT;v21;;;;vit enf (em lin);Vit linne;73
B531/0000-FRANKLIN-L-92538;La Chemise Norrmalm XLÄ;17;39;;true;898;158;2;272;true;true;7333289092538;B531/0000 FRANKLIN LIGHT;v21;;;;vit enf (em lin);Vit linne;73
B531/0000-FRANKLIN-L-92545;La Chemise Norrmalm XLÄ;17;40;;true;898;158;2;272;true;true;7333289092545;B531/0000 FRANKLIN LIGHT;v21;;;;vit enf (em lin);Vit linne;73
B531/0000-FRANKLIN-L-92552;La Chemise Norrmalm XLÄ;17;41;;true;898;158;2;272;true;true;7333289092552;B531/0000 FRANKLIN LIGHT;v21;;;;vit enf (em lin);Vit linne;73
B531/0000-FRANKLIN-L-92569;La Chemise Norrmalm XLÄ;17;42;;true;898;158;2;272;true;true;7333289092569;B531/0000 FRANKLIN LIGHT;v21;;;;vit enf (em lin);Vit linne;73
B531/0000-FRANKLIN-L-92576;La Chemise Norrmalm XLÄ;17;43;;true;898;158;2;272;true;true;7333289092576;B531/0000 FRANKLIN LIGHT;v21;;;;vit enf (em lin);Vit linne;73
AMRITSAR-V445-8302-92583;La Chemise Norrmalm XLÄ;18;38;;true;898;183;2;272;true;true;7333289092583;AMRITSAR V445 - 8302;v21;;;;ros ran (em);Rosa linne;73
AMRITSAR-V445-8302-92590;La Chemise Norrmalm XLÄ;18;39;;true;898;183;2;272;true;true;7333289092590;AMRITSAR V445 - 8302;v21;;;;ros ran (em);Rosa linne;73
AMRITSAR-V445-8302-92606;La Chemise Norrmalm XLÄ;18;40;;true;898;183;2;272;true;true;7333289092606;AMRITSAR V445 - 8302;v21;;;;ros ran (em);Rosa linne;73
AMRITSAR-V445-8302-92613;La Chemise Norrmalm XLÄ;18;41;;true;898;183;2;272;true;true;7333289092613;AMRITSAR V445 - 8302;v21;;;;ros ran (em);Rosa linne;73
AMRITSAR-V445-8302-92620;La Chemise Norrmalm XLÄ;18;42;;true;898;183;2;272;true;true;7333289092620;AMRITSAR V445 - 8302;v21;;;;ros ran (em);Rosa linne;73
AMRITSAR-V445-8302-92637;La Chemise Norrmalm XLÄ;18;43;;true;898;183;2;272;true;true;7333289092637;AMRITSAR V445 - 8302;v21;;;;ros ran (em);Rosa linne;73
AMRTISAR-BLUE-U799/8-92644;La Chemise Norrmalm XLÄ;19;38;;true;898;145;2;272;true;true;7333289092644;AMRTISAR BLUE U799/8802;v21;;;;blå ran (em lin);Linne. Blå/Vit storrandig;73
AMRTISAR-BLUE-U799/8-92651;La Chemise Norrmalm XLÄ;19;39;;true;898;145;2;272;true;true;7333289092651;AMRTISAR BLUE U799/8802;v21;;;;blå ran (em lin);Linne. Blå/Vit storrandig;73
AMRTISAR-BLUE-U799/8-92668;La Chemise Norrmalm XLÄ;19;40;;true;898;145;2;272;true;true;7333289092668;AMRTISAR BLUE U799/8802;v21;;;;blå ran (em lin);Linne. Blå/Vit storrandig;73
AMRTISAR-BLUE-U799/8-92675;La Chemise Norrmalm XLÄ;19;41;;true;898;145;2;272;true;true;7333289092675;AMRTISAR BLUE U799/8802;v21;;;;blå ran (em lin);Linne. Blå/Vit storrandig;73
AMRTISAR-BLUE-U799/8-92682;La Chemise Norrmalm XLÄ;19;42;;true;898;145;2;272;true;true;7333289092682;AMRTISAR BLUE U799/8802;v21;;;;blå ran (em lin);Linne. Blå/Vit storrandig;73
AMRTISAR-BLUE-U799/8-92699;La Chemise Norrmalm XLÄ;19;43;;true;898;145;2;272;true;true;7333289092699;AMRTISAR BLUE U799/8802;v21;;;;blå ran (em lin);Linne. Blå/Vit storrandig;73
AMRTISAR-GREEN-U799/-92705;La Chemise Norrmalm XLÄ;20;38;;true;898;145;2;272;true;true;7333289092705;AMRTISAR GREEN U799/8902;v21;;;;grö ran (em lin);Linne. Grön/Vit storrandig;73
AMRTISAR-GREEN-U799/-92712;La Chemise Norrmalm XLÄ;20;39;;true;898;145;2;272;true;true;7333289092712;AMRTISAR GREEN U799/8902;v21;;;;grö ran (em lin);Linne. Grön/Vit storrandig;73
AMRTISAR-GREEN-U799/-92729;La Chemise Norrmalm XLÄ;20;40;;true;898;145;2;272;true;true;7333289092729;AMRTISAR GREEN U799/8902;v21;;;;grö ran (em lin);Linne. Grön/Vit storrandig;73
AMRTISAR-GREEN-U799/-92736;La Chemise Norrmalm XLÄ;20;41;;true;898;145;2;272;true;true;7333289092736;AMRTISAR GREEN U799/8902;v21;;;;grö ran (em lin);Linne. Grön/Vit storrandig;73
AMRTISAR-GREEN-U799/-92743;La Chemise Norrmalm XLÄ;20;42;;true;898;145;2;272;true;true;7333289092743;AMRTISAR GREEN U799/8902;v21;;;;grö ran (em lin);Linne. Grön/Vit storrandig;73
AMRTISAR-GREEN-U799/-92750;La Chemise Norrmalm XLÄ;20;43;;true;898;145;2;272;true;true;7333289092750;AMRTISAR GREEN U799/8902;v21;;;;grö ran (em lin);Linne. Grön/Vit storrandig;73
BLACK-LINEN-92767;La Chemise Norrmalm XLÄ;21;38;;true;898;183;2;272;true;true;7333289092767;BLACK LINEN;v21;;;;sva enf (em lin);Linne;73
BLACK-LINEN-92774;La Chemise Norrmalm XLÄ;21;39;;true;898;183;2;272;true;true;7333289092774;BLACK LINEN;v21;;;;sva enf (em lin);Linne;73
BLACK-LINEN-92781;La Chemise Norrmalm XLÄ;21;40;;true;898;183;2;272;true;true;7333289092781;BLACK LINEN;v21;;;;sva enf (em lin);Linne;73
BLACK-LINEN-92798;La Chemise Norrmalm XLÄ;21;41;;true;898;183;2;272;true;true;7333289092798;BLACK LINEN;v21;;;;sva enf (em lin);Linne;73
BLACK-LINEN-92804;La Chemise Norrmalm XLÄ;21;42;;true;898;183;2;272;true;true;7333289092804;BLACK LINEN;v21;;;;sva enf (em lin);Linne;73
BLACK-LINEN-92811;La Chemise Norrmalm XLÄ;21;43;;true;898;183;2;272;true;true;7333289092811;BLACK LINEN;v21;;;;sva enf (em lin);Linne;73
MAHARAJA-PRINT-92828;La Chemise Norrmalm XLÄ;22;38;;true;898;191;2;272;true;true;7333289092828;MAHARAJA PRINT;v21;;;;blå övr (em);Djungel-Print;73
MAHARAJA-PRINT-92835;La Chemise Norrmalm XLÄ;22;39;;true;898;191;2;272;true;true;7333289092835;MAHARAJA PRINT;v21;;;;blå övr (em);Djungel-Print;73
MAHARAJA-PRINT-92842;La Chemise Norrmalm XLÄ;22;40;;true;898;191;2;272;true;true;7333289092842;MAHARAJA PRINT;v21;;;;blå övr (em);Djungel-Print;73
MAHARAJA-PRINT-92859;La Chemise Norrmalm XLÄ;22;41;;true;898;191;2;272;true;true;7333289092859;MAHARAJA PRINT;v21;;;;blå övr (em);Djungel-Print;73
MAHARAJA-PRINT-92866;La Chemise Norrmalm XLÄ;22;42;;true;898;191;2;272;true;true;7333289092866;MAHARAJA PRINT;v21;;;;blå övr (em);Djungel-Print;73
MAHARAJA-PRINT-92873;La Chemise Norrmalm XLÄ;22;43;;true;898;191;2;272;true;true;7333289092873;MAHARAJA PRINT;v21;;;;blå övr (em);Djungel-Print;73
SEERSUCKER-BLUE-92880;La Chemise Norrmalm XLÄ;23;38;;true;898;166;2;272;true;true;7333289092880;SEERSUCKER BLUE;v21;;;;blå ran (em bd);Bäckebölja;73
SEERSUCKER-BLUE-92897;La Chemise Norrmalm XLÄ;23;39;;true;898;166;2;272;true;true;7333289092897;SEERSUCKER BLUE;v21;;;;blå ran (em bd);Bäckebölja;73
SEERSUCKER-BLUE-92903;La Chemise Norrmalm XLÄ;23;40;;true;898;166;2;272;true;true;7333289092903;SEERSUCKER BLUE;v21;;;;blå ran (em bd);Bäckebölja;73
SEERSUCKER-BLUE-92910;La Chemise Norrmalm XLÄ;23;41;;true;898;166;2;272;true;true;7333289092910;SEERSUCKER BLUE;v21;;;;blå ran (em bd);Bäckebölja;73
SEERSUCKER-BLUE-92927;La Chemise Norrmalm XLÄ;23;42;;true;898;166;2;272;true;true;7333289092927;SEERSUCKER BLUE;v21;;;;blå ran (em bd);Bäckebölja;73
SEERSUCKER-BLUE-92934;La Chemise Norrmalm XLÄ;23;43;;true;898;166;2;272;true;true;7333289092934;SEERSUCKER BLUE;v21;;;;blå ran (em bd);Bäckebölja;73
SEERSUCKER-WHITE-92941;La Chemise Norrmalm XLÄ;24;38;;true;898;166;2;272;true;true;7333289092941;SEERSUCKER WHITE;v21;;;;vit enf (em bd);Bäckebölja;73
SEERSUCKER-WHITE-92958;La Chemise Norrmalm XLÄ;24;39;;true;898;166;2;272;true;true;7333289092958;SEERSUCKER WHITE;v21;;;;vit enf (em bd);Bäckebölja;73
SEERSUCKER-WHITE-92965;La Chemise Norrmalm XLÄ;24;40;;true;898;166;2;272;true;true;7333289092965;SEERSUCKER WHITE;v21;;;;vit enf (em bd);Bäckebölja;73
SEERSUCKER-WHITE-92972;La Chemise Norrmalm XLÄ;24;41;;true;898;166;2;272;true;true;7333289092972;SEERSUCKER WHITE;v21;;;;vit enf (em bd);Bäckebölja;73
SEERSUCKER-WHITE-92989;La Chemise Norrmalm XLÄ;24;42;;true;898;166;2;272;true;true;7333289092989;SEERSUCKER WHITE;v21;;;;vit enf (em bd);Bäckebölja;73
SEERSUCKER-WHITE-92996;La Chemise Norrmalm XLÄ;24;43;;true;898;166;2;272;true;true;7333289092996;SEERSUCKER WHITE;v21;;;;vit enf (em bd);Bäckebölja;73
GARMENT-DYE-LINEN-93009;La Chemise Norrmalm XLÄ;25;38;;true;898;158;2;272;true;true;7333289093009;GARMENT DYE LINEN;v21;;;;blå enf (em lin);Marinblå linne;73
GARMENT-DYE-LINEN-93016;La Chemise Norrmalm XLÄ;25;39;;true;898;158;2;272;true;true;7333289093016;GARMENT DYE LINEN;v21;;;;blå enf (em lin);Marinblå linne;73
GARMENT-DYE-LINEN-93023;La Chemise Norrmalm XLÄ;25;40;;true;898;158;2;272;true;true;7333289093023;GARMENT DYE LINEN;v21;;;;blå enf (em lin);Marinblå linne;73
GARMENT-DYE-LINEN-93030;La Chemise Norrmalm XLÄ;25;41;;true;898;158;2;272;true;true;7333289093030;GARMENT DYE LINEN;v21;;;;blå enf (em lin);Marinblå linne;73
GARMENT-DYE-LINEN-93047;La Chemise Norrmalm XLÄ;25;42;;true;898;158;2;272;true;true;7333289093047;GARMENT DYE LINEN;v21;;;;blå enf (em lin);Marinblå linne;73
GARMENT-DYE-LINEN-93054;La Chemise Norrmalm XLÄ;25;43;;true;898;158;2;272;true;true;7333289093054;GARMENT DYE LINEN;v21;;;;blå enf (em lin);Marinblå linne;73
